{"btb_size": {"Bits in set": {"early": [[0.67, 0.39, 0.35], [0.6266666666666667, 0.415, 0.57], [0.4266666666666667, 0.7375, 0.552], [0.67, 0.1125, 0.352], [0.73, 0.495, 0.206], [0.6666666666666666, 0.2875, 0.198], [0.5933333333333334, 0.41, 0.474], [0.7333333333333333, 0.795, 0.676], [1.09, 0.7775, 0.632], [0.9433333333333334, 0.5375, 0.728], [0.98, 0.9, 0.794], [1.0, 0.84, 0.818], [0.9966666666666667, 0.8525, 0.218], [1.0066666666666666, 0.8525, 0.204], [0.9266666666666666, 0.94, 0.134], [0.9166666666666666, 0.9225, 0.134], [0.9233333333333333, 0.535, 0.134], [0.9533333333333334, 0.5525, 0.134], [0.93, 0.5325, 0.602], [0.93, 0.5975, 0.304], [0.9133333333333333, 0.5975, 0.134], [0.9433333333333334, 0.935, 0.134], [0.9366666666666666, 0.5425, 0.134]], "resteer": [[0.0, 0.0, 0.0], [0.0, 0.0, 0.0], [0.0, 0.0, 0.0], [0.0, 0.0, 0.0], [0.0, 0.0, 0.0], [0.0, 0.0, 0.0], [0.0, 0.0, 0.0], [0.0, 0.0, 0.0], [0.0, 0.0, 0.0], [0.0, 0.0, 0.0], [0.0, 0.0, 0.0], [0.0, 0.0, 0.0], [0.0, 0.0, 0.198], [0.0, 0.0, 0.2], [0.0, 0.0, 0.2], [0.0, 0.0, 0.2], [0.0, 0.0, 0.2], [0.0, 0.0, 0.2], [0.0, 0.0, 0.202], [0.0, 0.0, 0.3], [0.0, 0.0, 0.2], [0.0, 0.0, 0.2], [0.0, 0.0, 0.2]], "core": [[7.7, 6.105, 5.212], [7.486666666666666, 6.1125, 4.982], [8.163333333333334, 6.1075, 5.066], [7.566666666666666, 5.865, 4.98], [7.41, 5.8725, 4.846], [7.48, 5.86, 4.846], [7.483333333333333, 5.875, 4.896], [7.41, 5.8275, 4.93], [7.503333333333333, 5.815, 4.9], [7.496666666666667, 5.8175, 4.944], [7.5, 5.875, 4.95], [7.49, 5.815, 4.952], [7.493333333333333, 7.215, 7.712], [7.496666666666667, 5.88, 7.78], [7.496666666666667, 5.8875, 7.718], [7.493333333333333, 5.825, 7.742], [7.496666666666667, 5.8875, 7.87], [7.51, 5.8825, 7.846], [7.49, 5.8875, 8.14], [7.493333333333333, 5.8975, 9.46], [7.513333333333334, 5.8975, 7.852], [7.49, 5.875, 8.254], [7.493333333333333, 5.8875, 7.716]], "late": [[0.51, 0.4875, 0.57], [0.2866666666666667, 0.61, 0.614], [0.8033333333333333, 0.245, 0.172], [0.06333333333333334, 0.2525, 0.014], [0.17666666666666667, 0.0125, 0.004], [0.16333333333333333, 0.0225, 0.0], [0.16333333333333333, 0.005, 0.008], [0.17333333333333334, 0.015, 0.016], [0.17, 0.1425, 0.008], [0.07333333333333333, 0.0025, 0.08], [0.09, 0.065, 0.068], [0.07666666666666666, 0.0325, 0.066], [0.07, 0.04, 0.324], [0.08, 0.155, 0.318], [0.08666666666666667, 0.2075, 0.824], [0.08666666666666667, 0.2075, 0.68], [0.08666666666666667, 0.02, 0.68], [0.09, 0.02, 0.68], [0.06666666666666667, 0.025, 0.706], [0.07, 0.02, 0.512], [0.09333333333333334, 0.02, 0.68], [0.06666666666666667, 0.21, 0.68], [0.08666666666666667, 0.0275, 0.68]]}, "Number of ways": {"early": [[1.93, 1.03, 0.5166666666666667, 0.5375, 0.352, 0.33, 0.2757142857142857, 0.28, 0.3055555555555556, 0.31, 0.09545454545454546], [1.86, 0.96, 0.65, 0.7125, 0.474, 0.20333333333333334, 0.2857142857142857, 0.4175, 0.3244444444444444, 0.33, 0.3054545454545455], [1.84, 0.63, 0.6366666666666667, 0.6775, 0.496, 0.4716666666666667, 0.44, 0.52625, 0.52, 0.503, 0.5363636363636364], [0.91, 1.1, 0.64, 0.1175, 0.368, 0.051666666666666666, 0.3, 0.145, 0.021111111111111112, 0.023, 0.10818181818181818], [2.0, 1.05, 0.7333333333333333, 0.38, 0.21, 0.39, 0.03428571428571429, 0.2075, 0.30444444444444446, 0.315, 0.01090909090909091], [2.0, 0.99, 0.6566666666666666, 0.295, 0.404, 0.20333333333333334, 0.21714285714285714, 0.12875, 0.2966666666666667, 0.126, 0.18727272727272729], [2.0, 1.065, 0.6033333333333334, 0.395, 0.264, 0.7366666666666667, 0.4357142857142857, 0.14, 0.5144444444444445, 0.639, 0.16], [1.88, 0.56, 0.7533333333333333, 0.845, 0.624, 0.7133333333333334, 0.36428571428571427, 0.46375, 0.5133333333333333, 0.477, 0.6045454545454545], [2.02, 1.07, 1.0433333333333332, 0.815, 0.644, 0.6266666666666667, 0.5985714285714285, 0.9, 0.7155555555555555, 0.991, 0.9372727272727273], [1.99, 1.06, 0.9666666666666667, 0.76, 0.73, 0.905, 0.7314285714285714, 0.75, 0.8066666666666666, 0.831, 0.7154545454545455], [2.02, 1.06, 0.9933333333333333, 0.9125, 0.816, 1.07, 0.8428571428571429, 0.86125, 0.8855555555555555, 0.81, 0.7081818181818181], [2.0, 1.06, 0.9566666666666667, 0.885, 0.79, 1.06, 0.8385714285714285, 0.6975, 0.16333333333333333, 0.0, 0.0], [2.0, 1.045, 0.9966666666666667, 0.895, 0.204, 0.0, 0.0, 0.0, 0.0, 0.0, 0.0], [2.0, 1.045, 0.99, 0.8875, 0.202, 0.0016666666666666668, 0.0014285714285714286, 0.00125, 0.0011111111111111111, 0.0, 0.004545454545454545], [2.02, 1.05, 0.9166666666666666, 0.9225, 0.268, 0.0, 0.0, 0.00125, 0.0044444444444444444, 0.007, 0.011818181818181818], [2.06, 1.065, 0.9166666666666666, 0.9275, 0.41, 0.0, 0.0, 0.0, 0.0, 0.0, 0.0], [2.0, 1.085, 0.9433333333333334, 0.56, 0.404, 0.0, 0.0, 0.0, 0.0, 0.0, 0.0], [2.02, 1.07, 0.9166666666666666, 0.9225, 0.134, 0.0, 0.0, 0.0, 0.0, 0.0, 0.0], [1.99, 1.07, 0.9, 0.9725, 0.134, 0.0, 0.0, 0.0, 0.0, 0.0, 0.0], [1.99, 1.03, 0.9233333333333333, 0.9775, 0.302, 0.0, 0.0, 0.0, 0.0, 0.0, 0.0]], "resteer": [[0.0, 0.0, 0.0, 0.0, 0.0, 0.0, 0.0, 0.0, 0.0, 0.0, 0.0], [0.0, 0.0, 0.0, 0.0, 0.0, 0.0, 0.0, 0.0, 0.0, 0.0, 0.0], [0.0, 0.0, 0.0, 0.0, 0.0, 0.0, 0.0, 0.0, 0.0, 0.0, 0.0], [0.0, 0.0, 0.0, 0.0, 0.0, 0.0, 0.0, 0.0, 0.0, 0.0, 0.0], [0.0, 0.0, 0.0, 0.0, 0.0, 0.0, 0.0, 0.0, 0.0, 0.0, 0.0], [0.0, 0.0, 0.0, 0.0, 0.0, 0.0, 0.0, 0.0, 0.0, 0.0, 0.0], [0.0, 0.0, 0.0, 0.0, 0.0, 0.0, 0.0, 0.0, 0.0, 0.0, 0.0], [0.0, 0.0, 0.0, 0.0, 0.0, 0.0, 0.0, 0.0, 0.0, 0.0, 0.0], [0.0, 0.0, 0.0, 0.0, 0.0, 0.0, 0.0, 0.0, 0.0, 0.0, 0.0], [0.0, 0.0, 0.0, 0.0, 0.0, 0.0, 0.0, 0.0, 0.0, 0.0, 0.0], [0.0, 0.0, 0.0, 0.0, 0.0, 0.0, 0.0, 0.0, 0.0, 0.0, 0.0], [0.0, 0.0, 0.0, 0.0, 0.0, 0.0, 0.0, 0.0, 0.11222222222222222, 1.001, 1.000909090909091], [0.0, 0.0, 0.0, 0.0, 0.198, 1.0016666666666667, 1.0014285714285713, 1.00125, 1.001111111111111, 1.001, 1.000909090909091], [0.0, 0.0, 0.0, 0.0, 0.198, 1.0016666666666667, 1.0014285714285713, 1.00125, 1.001111111111111, 1.001, 1.000909090909091], [0.0, 0.0, 0.0, 0.0, 0.2, 1.0016666666666667, 1.0014285714285713, 1.00125, 1.0, 1.001, 1.000909090909091], [0.0, 0.0, 0.0, 0.0, 0.202, 1.0016666666666667, 1.0014285714285713, 1.0, 1.0, 1.0, 1.0], [0.0, 0.0, 0.0, 0.0, 0.2, 0.4683333333333333, 1.0, 1.0, 1.0, 1.0, 1.0], [0.0, 0.0, 0.0, 0.0, 0.2, 0.5016666666666667, 0.9957142857142857, 1.0, 1.0, 1.0, 1.0], [0.0, 0.0, 0.0, 0.0, 0.2, 0.5566666666666666, 1.0, 1.0, 1.0, 1.0, 1.0], [0.0, 0.0, 0.0, 0.0, 0.302, 0.5016666666666667, 1.0, 1.0, 1.0, 1.0, 1.0]],