{"btb_size": {"Bits in set": {"early": [[1.6033333333333333, 1.3, 1.99], [1.77, 1.43, 1.472], [1.7833333333333334, 1.595, 1.456], [1.74, 1.56, 1.486], [1.75, 1.595, 1.486], [1.7666666666666666, 1.6075, 1.478], [1.83, 3.22, 2.302], [3.26, 2.83, 2.556], [3.473333333333333, 3.5325, 3.256], [1.78, 1.595, 1.454], [1.73, 1.555, 1.454], [1.78, 1.595, 1.486], [1.78, 3.125, 1.234], [1.78, 2.2975, 1.234], [1.78, 2.135, 1.234], [1.7733333333333334, 2.6575, 1.234], [1.7733333333333334, 2.78, 1.232], [1.7733333333333334, 3.2575, 1.43], [1.7233333333333334, 2.78, 1.43], [1.7733333333333334, 2.2875, 6.688], [12.023333333333333, 9.2925, 12.018], [13.39, 13.935, 14.434], [13.39, 13.2925, 14.434]], "resteer": [[0.0, 0.0, 0.136], [0.0, 0.0, 0.0], [0.0, 0.0, 0.0], [0.0, 0.0, 0.0], [0.0, 0.0, 0.0], [0.0, 0.0025, 0.002], [0.0033333333333333335, 0.3725, 0.3], [0.3333333333333333, 0.2475, 0.136], [0.3333333333333333, 0.37, 0.202], [0.0, 0.0, 0.0], [0.0, 0.0, 0.0], [0.0, 0.0, 0.0], [0.0, 0.0, 1.0], [0.0, 1.0, 1.0], [0.0, 1.0, 1.0], [0.0, 0.2525, 1.0], [0.0, 1.0, 1.0], [0.0, 1.0, 0.8], [0.0, 1.0, 0.8], [0.0, 1.2475, 1.184], [1.3333333333333333, 1.25, 1.2], [1.3333333333333333, 1.25, 1.2], [1.3333333333333333, 1.25, 1.2]], "core": [[8.536666666666667, 6.655, 7.134], [9.183333333333334, 7.43, 5.516], [8.54, 6.8875, 5.514], [8.856666666666667, 6.8875, 5.71], [8.856666666666667, 6.89, 5.71], [8.853333333333333, 6.9025, 5.716], [8.946666666666667, 10.2175, 8.73], [11.17, 8.7775, 7.004], [11.12, 9.7025, 7.708], [8.85, 6.8875, 5.716], [8.853333333333333, 6.8875, 5.712], [8.863333333333333, 6.8875, 5.712], [8.853333333333333, 64.7825, 27.792], [8.853333333333333, 37.9975, 27.792], [8.853333333333333, 42.7775, 28.098], [12.86, 36.9475, 29.496], [30.736666666666668, 83.9925, 64.128], [30.736666666666668, 74.8675, 63.09], [30.736666666666668, 104.9225, 80.562], [30.733333333333334, 97.9125, 118.274], [48.85333333333333, 81.39, 82.202], [48.51, 77.2675, 81.202], [48.513333333333335, 73.865, 81.202]], "late": [[0.35, 0.52, 0.686], [0.0, 0.26, 0.21], [0.0, 0.0, 0.0], [0.0, 0.0, 0.0], [0.0, 0.0, 0.0], [0.0, 0.0025, 0.0], [0.0, 0.0, 0.0], [0.0, 0.0, 0.0], [0.0, 0.0, 0.0], [0.0, 0.0, 0.0], [0.0, 0.0, 0.0], [0.0, 0.0, 0.0], [0.0, 0.0, 0.0], [0.0, 0.0, 0.0], [0.0, 0.0, 0.0], [0.0, 0.0, 0.0], [0.0, 0.0, 0.0], [0.0, 0.0, 0.0], [0.0, 0.0, 0.0], [0.0, 0.0, 0.0], [0.0, 0.0, 0.0], [0.0, 0.0, 0.0], [0.0, 0.0, 0.0]]}, "Number of ways": {"early": [[3.26, 2.08, 1.5633333333333332, 1.3, 1.926, 2.473333333333333, 2.5557142857142856, 2.55125, 3.4277777777777776, 3.185, 2.692727272727273], [3.16, 2.08, 1.77, 1.4325, 1.472, 1.385, 1.3385714285714285, 1.23375, 1.1755555555555555, 1.171, 1.1636363636363636], [3.15, 2.08, 1.7366666666666666, 1.595, 1.482, 1.3866666666666667, 1.3542857142857143, 1.28, 1.2755555555555556, 1.241, 1.219090909090909], [3.16, 2.15, 1.7866666666666666, 1.595, 1.486, 1.4116666666666666, 1.3214285714285714, 1.30625, 1.26, 1.24, 1.2272727272727273], [3.28, 2.09, 1.7866666666666666, 1.585, 1.486, 1.3866666666666667, 1.3442857142857143, 1.31125, 1.2722222222222221, 1.252, 1.2363636363636363], [3.18, 2.155, 1.7666666666666666, 1.605, 1.478, 1.4416666666666667, 2.7185714285714284, 2.02875, 1.6788888888888889, 1.717, 2.2790909090909093], [3.28, 2.155, 1.8133333333333332, 3.22, 2.302, 2.256666666666667, 3.0, 3.00125, 3.11, 2.906, 2.7345454545454544], [3.28, 5.875, 3.3133333333333335, 2.83, 2.556, 2.8016666666666667, 2.684285714285714, 2.49375, 2.328888888888889, 2.18, 2.150909090909091], [9.77, 4.515, 3.473333333333333, 3.535, 3.292, 3.0733333333333333, 2.777142857142857, 2.55625, 2.3833333333333333, 2.229, 2.1163636363636362], [3.16, 2.09, 1.78, 1.595, 1.454, 1.3666666666666667, 1.3385714285714285, 1.31125, 1.2477777777777779, 1.224, 1.22], [3.16, 2.15, 1.73, 1.595, 1.454, 1.3933333333333333, 1.3157142857142856, 1.2975, 1.2477777777777779, 1.017, 1.220909090909091], [3.16, 2.15, 1.78, 1.595, 1.454, 1.0283333333333333, 0.8814285714285715, 1.495, 1.3055555555555556, 0.816, 0.5536363636363636], [3.28, 2.225, 1.78, 2.2975, 2.132, 1.4666666666666666, 0.8814285714285715, 1.08375, 1.3511111111111112, 0.863, 0.5536363636363636], [3.28, 2.15, 1.78, 2.0325, 1.224, 1.4383333333333332, 0.5957142857142858, 1.36125, 0.8877777777777778, 0.816, 0.9972727272727273], [3.16, 2.15, 1.78, 3.335, 1.234, 1.0283333333333333, 1.1657142857142857, 0.8275, 0.8244444444444444, 0.609, 0.76], [3.28, 2.075, 1.7733333333333334, 2.5325, 1.256, 1.015, 1.1571428571428573, 0.76, 0.9577777777777777, 0.835, 0.6854545454545454], [3.28, 2.145, 1.7733333333333334, 1.97, 1.44, 1.0133333333333334, 1.737142857142857, 2.39375, 1.29, 0.811, 0.7418181818181818], [3.28, 2.145, 1.7733333333333334, 2.8825, 1.432, 2.1766666666666667, 1.44, 1.39, 0.84, 0.711, 0.56], [3.28, 2.145, 1.7733333333333334, 2.78, 0.702, 1.0266666666666666, 1.062857142857143, 0.985, 1.9155555555555555, 4.18, 5.219090909090909], [3.28, 2.145, 1.7733333333333334, 3.03, 6.106, 7.391666666666667, 9.507142857142858, 2.015, 9.736666666666666, 9.981, 11.569090909090908]], "resteer": [[0.0, 0.0, 0.0, 0.0, 0.136, 0.3383333333333333, 0.5714285714285714, 0.6275, 0.5577777777777778, 0.502, 0.45545454545454545], [0.0, 0.0, 0.0, 0.0, 0.0, 0.0, 0.0, 0.0, 0.0, 0.0, 0.0], [0.0, 0.0, 0.0, 0.0, 0.0, 0.0, 0.0, 0.0, 0.0, 0.0, 0.0], [0.0, 0.0, 0.0, 0.0, 0.0, 0.0, 0.0, 0.0, 0.0, 0.0, 0.0], [0.0, 0.0, 0.0, 0.0, 0.0, 0.0, 0.0, 0.0, 0.0011111111111111111, 0.001, 0.0009090909090909091], [0.0, 0.0, 0.0, 0.0, 0.002, 0.0016666666666666668, 0.2857142857142857, 0.2525, 0.16777777777777778, 0.151, 0.2736363636363636], [0.0, 0.005, 0.0033333333333333335, 0.3725, 0.3, 0.25, 0.42857142857142855, 0.375, 0.3333333333333333, 0.3, 0.2727272727272727], [0.0, 0.625, 0.3333333333333333, 0.2475, 0.136, 0.16833333333333333, 0.1442857142857143, 0.12625, 0.11222222222222222, 0.101, 0.09090909090909091], [1.5, 0.5, 0.3333333333333333, 0.37, 0.192, 0.16833333333333333, 0.1442857142857143, 0.12625, 0.11222222222222222, 0.101, 0.09181818181818181], [0.0, 0.0, 0.0, 0.0, 0.0, 0.0, 0.0, 0.0, 0.0, 0.0, 0.0], [0.0, 0.0, 0.0, 0.0, 0.0, 0.0, 0.0, 0.0, 0.0, 0.601, 0.0], [0.0, 0.0, 0.0, 0.0, 0.0, 1.0016666666666667, 1.0014285714285713, 0.5, 0.4444444444444444, 0.8, 1.0], [0.0, 0.0, 0.0, 1.0, 0.164, 0.7183333333333334, 1.0, 1.0, 0.8888888888888888, 1.0, 1.0], [0.0, 0.0, 0.0, 1.0025, 1.0, 1.0, 0.7142857142857143, 1.0, 0.8888888888888888, 0.8, 1.0], [0.0, 0.0, 0.0, 0.0, 1.0, 1.0, 0.7142857142857143, 1.0, 1.0, 1.0, 0.9090909090909091], [0.0, 0.0, 0.0, 1.0, 0.2, 1.0, 0.8571428571428571, 1.0, 1.0, 0.9, 0.9090909090909091], [0.0, 0.0, 0.0, 1.0, 0.8, 1.0, 0.8571428571428571, 0.875, 0.8888888888888888, 1.0, 1.0], [0.0, 0.0, 0.0, 1.0, 1.0, 0.8333333333333334, 1.0, 1.0, 1.0, 1.0, 1.0], [0.0, 0.0, 0.0, 1.0, 0.798, 1.0, 0.8571428571428571, 0.875, 0.7777777777777778, 1.0, 1.0], [0.0, 0.0, 0.0, 1.0, 1.178, 1.0816666666666668, 1.14, 1.0, 1.1111111111111112, 1.098, 1.0909090909090908]],